<?xml version="1.0" encoding="UTF-8"?>
<templates id="template" xml:space="preserve">

    <t t-name="ComboWidget" owl="1">
        <div class="combo-container" t-ref="scrollable">
            <div class="combo">
                <t t-if="combolinesArray.length === 0">
                    <div class='combo-empty'>
                        <i class='fa fa-shopping-cart' role="img" aria-label="Shopping cart"
                           title="Shopping cart"/>
                        <h1>No product available</h1>
                    </div>
                </t>
                <t t-else="">
                    <ul class="combolines">
                        <t t-foreach="combolinesArray" t-as="comboline" t-key="comboline.id">
                            <Comboline line="comboline" onReplace="props.onReplace" t-ref="top"/>
                        </t>
                    </ul>
                    <ComboSummary extra="state.extra" price="state.price" total="state.total"/>
                </t>
            </div>
        </div>
    </t>

</templates>
