<?xml version="1.0" encoding="UTF-8"?>
<templates id="template" xml:space="preserve">

    <t t-name="giftCardRechargePopup" owl="1">
        <div role="dialog" class="modal-dialog">
            <Draggable>
                <div class="popup">
                    <header class="title drag-handle">
                        <t t-esc="props.title"/>
                    </header>
                    <div class="div" style="font-size: 16px;">
                        <div class="confirm_card_table">
                            <div class="confirm_card_line">
                                <div class="confirm_card_lable">Card No.</div>
                                <div class="confirm_card_data"> : <t t-esc="props.selectedCard.card_no"/></div>
                            </div>
                            <div class="confirm_card_line">
                                <div class="confirm_card_lable">Customer</div>
                                <div class="confirm_card_data"> : <t t-esc="props.selectedCard.customer_id[1]"/></div>
                            </div>
                            <div class="confirm_card_line">
                                <div class="confirm_card_lable">Amount</div>
                                <div class="confirm_card_data"> : <t
                                        t-esc="env.pos.format_currency(props.selectedCard.card_value)"/></div>
                            </div>

                            <div class="confirm_card_line">
                                <div class="confirm_card_lable">Recharge Amount</div>
                                <div class="confirm_card_data"
                                     style="padding-top: 0;padding-bottom: 0; padding-left:4px">
                                    <input type="text" t-model="state.RechargeAmount" t-ref="RechargeAmount"
                                           placeholder="Enter Amount" id="RechargeAmount" name="points"
                                           style="font-size: 16px; border: solid 1px #d0d0d0;"
                                           t-on-keydown="AmountValidation"
                                           t-att-class="{ blank_validation_input: state.blankRechargeAmount }"/>
                                </div>
                            </div>
                        </div>
                    </div>
                    <footer class="footer">
                        <div class="button confirm" t-on-click="confirm">
                            <t t-esc="props.confirmText"/>
                        </div>
                        <div class="button cancel" t-on-click="cancel">
                            <t t-esc="props.cancelText"/>
                        </div>
                    </footer>
                </div>
            </Draggable>
        </div>
    </t>

</templates>
