<?xml version="1.0" encoding="UTF-8"?>
<templates id="template" xml:space="preserve">

    <t t-name="giftCardRedeemPopup" owl="1">
        <div role="dialog" class="modal-dialog">
            <Draggable>
                <div class="popup">
                    <header class="title drag-handle">
                        <t t-esc="props.title"/>
                    </header>
                    <div class="div">
                        <div class="confirm_card_table">
                            <div class="payment-method-line">
                                <span>Due Amount : <t t-esc="env.pos.format_currency(env.pos.get_order().get_due())"/></span>
                            </div>
                            <div class="payment-method-line">
                                <input type="text" t-model="state.GiftCardNumber" t-ref="gift_card_number"
                                       placeholder="Enter Card Number" id="text_gift_card_no" name="card_number"
                                       t-on-keypress="CheckGiftCardBalancekey" t-on-focusout="CheckGiftCardBalance"
                                       style="margin-bottom: 0;font-size: 16px;"/>
                            </div>
                            <div class="payment-method-line">
                                <label id="lbl_set_customer"/>
                            </div>
                            <div class="payment-method-line">
                                <label id="lbl_card_no"/>
                            </div>
                            <div class="payment-method-line" id="in_balance" style="display:none">
                                <label style="color:red">Insufficient Balance.</label>
                            </div>
                            <div class="payment-method-line" t-if="state.GiftCardAmount">
                                <input type="text" t-model="state.GiftCardAmount" t-ref="gift_card_amount"
                                       placeholder="Enter Amount" id="text_redeem_amount" name="points"
                                       style="margin-bottom: 0;font-size: 16px;"/>
                            </div>
                        </div>
                    </div>


                    <footer class="footer">
                        <div class="button confirm" t-on-click="confirm">
                            <t t-esc="props.confirmText"/>
                        </div>
                        <div class="button cancel" t-on-click="cancel">
                            <t t-esc="props.cancelText"/>
                        </div>
                    </footer>
                </div>
            </Draggable>
        </div>
    </t>

</templates>
