<?xml version="1.0" encoding="UTF-8"?>
<templates id="template" xml:space="preserve">

    <t t-name="SyncOrderScreen" owl="1">
        <div class="ticket-screen screen">
            <div class="screen-content">
                <div class="controls">
                    <div class="buttons">
                        <button class="discard" t-on-click="trigger('close-order-screen')">Back</button>
                    </div>
                    <SearchBar config="searchBarConfig" placeholder="'Search Orders...'"/>
                </div>
                <div class="orders">
                    <div class="header-row">
                        <div class="col start wide">Receipt/Ref</div>
                        <div class="col start wide">Floor</div>
                        <div class="col start wide">Table</div>
                        <div class="col start wide">Customer</div>
                        <div class="col start wide">Order Taken By</div>
                        <div class="col start wide">Order Date</div>
                        <div class="col start">Total</div>
                        <div class="col start">Pay</div>
                        <div class="col center very-narrow" name="delete"/>
                    </div>

                    <t t-foreach="filteredOrders" t-as="order">
                        <div class="order-row pointer">
                            <div class="col start wide">
                                <t t-esc="order.order_reference"/>
                            </div>
                            <div class="col start wide">
                                <t t-esc="order.floor or 'N/A'"/>
                            </div>
                            <div class="col start wide">
                                <t t-esc="order.table or 'N/A'"/>
                            </div>
                            <t t-if="order.customer">
                                <div class="col start wide">
                                    <t t-esc="order.customer"/>
                                </div>
                            </t>
                            <t t-else="">
                                <div class="col start wide">
                                    Not Select
                                </div>
                            </t>
                            <div class="col start wide">
                                <t t-esc="order.user_name"/>
                            </div>
                            <div class="col start wide">
                                <t t-esc="getDate(order)"/>
                            </div>
                            <div class="col start">
                                <t t-esc="getTotal(order)"/>
                            </div>
                            <!--  pay-->
                            <t t-if="order.state == 'draft'">
                                <div class="col start" t-att-data-id='order.id'
                                     t-on-click="trigger('pay-order', order)">
                                    <i class="fa fa-money" aria-hidden="true" style="font-size: x-large;"/>
                                </div>
                            </t>
                            <div t-else="" class="col start"></div>
                            <!--delete-->
                            <t t-if="order.state == 'draft'">
                                <div class="col center very-narrow delete-button" t-att-data-id='order.id'
                                     t-on-click="trigger('cancel-order', order)">
                                    <i class="fa fa-times" aria-hidden="true" style="font-size: x-large;"/>
                                </div>
                            </t>
                            <div t-else="" class="col center very-narrow delete-button"/>
                        </div>
                    </t>
                </div>
            </div>
        </div>
    </t>

</templates>
