<?xml version="1.0" encoding="UTF-8"?>
<templates id="template" xml:space="preserve">

    <t t-name="BiteDetailSidebar" owl="1">
        <div id="sidebar-wrapper">
    		<div id="wrapper">
	        	<div style="width:100%">
	        		<div id="side_username" style="height: 100%;color: #555;">
			           	<t t-if="env.pos.user.image_1920">
			            	<div style="float: left;">
			           			<img t-att-src="imageUrl" t-att-alt="env.pos.user.name"
                                     style="height: 90px; width: 85px; margin-left: 8px; border-radius: 3px; border: 1px solid #875a7b;"/>
				            </div>
				        </t>
                        <t t-if="!env.pos.user.image_1920">
			            	<div style="float: left;">
				                <img src="/base/static/img/avatar_grey.png"
                                     style="height: 86px; width: 85px; margin-left: 8px; border-radius: 13px; border: 4px inset #875a7b;"/>
				            </div>
			            </t>
                        <div style="float: left;margin-left: 15px;">
				            <span class="user_name" style="color: grey;">
						        <h2><t t-esc="env.pos.get_cashier().name"/></h2>
						    </span>
						</div>
					</div>
	        	</div>
                <div style="width:100%">
					<div id="side_menus">
						<ul class="sidebar-nav">
		                    <li class="sidebar-brand" t-on-click="trigger('move-product')"
                                t-if="env.pos.config.enable_product_screen">
		                        <a id="product-screen">Products</a>
			                </li>
                            <t t-if="hasTable">
				                <li class="sidebar-brand" t-on-click="toggle('flag')" t-if="
				                	env.pos.config.enable_order_summary or 
				                	env.pos.config.enable_product_summary or env.pos.config.enable_payment_summary or env.pos.config.enable_audit_report">
				                    <a id="pos_reports">Reports
				                    <i class="fa fa-angle-right" aria-hidden="true" t-if="!state.flag"/>
                                        <i class="fa fa-angle-down" aria-hidden="true" t-if="state.flag"/>
				                    </a>
				                </li>
                                <li class="sidebar-brand" t-if="state.flag and env.pos.config.enable_order_summary"
                                    t-on-click="trigger('order-summary-popup')">
				                    <a id="order_summary">
				                    	<i class="fa fa-sticky-note"/>
                                        <span> Order Summary </span>
							        </a>
				                </li>
                                <li class="sidebar-brand" t-if="state.flag and env.pos.config.enable_product_summary"
                                    t-on-click="trigger('product-summary-popup')">
				                	<a id="product_summary">
					                    <i class="fa fa-sticky-note"/>
                                        <span> Product Summary </span>
							        </a>
				                </li>
                                <li class="sidebar-brand" t-if="state.flag and env.pos.config.enable_payment_summary"
                                    t-on-click="trigger('payment-summary-popup')">
				                    <a id="payment_summary">
				                    	<i class="fa fa-sticky-note"/>
                                        <span> Payment Summary </span>
				                    </a>
				                </li>
                                <li class="sidebar-brand" t-if="state.flag and env.pos.config.enable_audit_report"
                                    t-on-click="trigger('audit-report-popup')">
				                    <a id="audit_report">
				                    	<i class="fa fa-sticky-note"/>
                                        <span> Audit Report </span>
				                    </a>
				                </li>
				            </t>
			            </ul>
		            </div>
		        </div>
	        </div>
        </div>
	</t>

</templates>
 