<?xml version="1.0" encoding="UTF-8"?>
<templates id="template" xml:space="preserve">

    <t t-name="ComboMaterialWidget" owl="1">
        <div class="material-container" t-ref="scrollable">
            <div class="material">
                <t t-if="materiallinesArray.length === 0">
                    <div class='material-empty'>
                        <i class='fa fa-shopping-cart' role="img" aria-label="Shopping cart"
                           title="Shopping cart"/>
                        <h1>No material available</h1>
                    </div>
                </t>
                <t t-else="">
                    <ul class="materiallines">
                        <t t-foreach="materiallinesArray" t-as="materialline" t-key="materialline.id">
                            <Materialline line="materialline" replaceMode="props.replaceMode"/>
                        </t>
                    </ul>
                    <ComboMaterialSummary addons="state.addons"/>
                </t>
            </div>
        </div>
    </t>

</templates>
