<?xml version="1.0" encoding="UTF-8"?>
<templates id="template" xml:space="preserve">

    <t t-name="ComboMaterialline" owl="1">
        <li t-on-click="selectLine" class="materialline" t-att-class="addedClasses">
            <t t-if="props.line.is_replaced == true">
                <span class="product-name">
                    <span style="text-decoration: line-through;"><t t-esc="props.line.get_product().display_name"/></span>
                    <span style="color:#673ab7"><t t-esc="props.line.get_full_product_name()"/></span>
                </span>
            </t>
            <t t-else="">
                <t t-if="props.line.get_quantity() == 0">
                    <span class="product-name">
                        <span style="text-decoration: line-through;"><t t-esc="props.line.get_product().display_name"/></span>
                    </span>
                </t>
                <t t-else="">
                    <span class="product-name">
                        <t t-esc="props.line.get_full_product_name()"/>
                    </span>
                </t>
            </t>
            <t t-if="props.line.get_bom() != true">
                <span class="price">
                    <t t-esc="env.pos.format_currency(props.line.get_display_price())"/>
                </span>
            </t>
            <t t-if="props.line.get_display_price() != 0.0 and props.line.get_bom() == true">
                <span class="price">
                    <t t-esc="env.pos.format_currency(props.line.get_display_price())"/>
                </span>
                <br/>
            </t>
            <t t-if="props.line.get_replaceable() == true and props.replaceMode == false">
                <button class='button replace' t-on-click.stop="replaceButtonClicked">
                    Replace
                </button>
            </t>
            <t t-if="props.line.get_replaceable() == true and props.replaceMode == true ">
                    <button class='button close' t-on-click.stop="closeButtonClicked">
                        Close
                    </button>
                </t>
            <t t-if="props.line.is_replaced == true">
                <button class='button reset' t-on-click.stop="resetButtonClicked">
                    Reset
                </button>
            </t>
            <ul class="info-list">
                <t t-if="props.line.get_quantity_str() !== '1' || line.selected ">
                    <li class="info">
                        <t t-if="props.line.get_bom() != true">
                            <em>
                                <t t-esc="props.line.get_quantity_str()"/>
                            </em>
                            <span> </span>
                            <t t-esc="props.line.get_unit().name"/>
                            at
                            <t t-esc="env.pos.format_currency(props.line.get_unit_display_price(),'Product Price')"/>
                            /
                            <t t-esc="props.line.get_unit().name"/>
                        </t>
                        <t t-else="">
                            <em>
                                <t t-esc="props.line.get_quantity_str()"/>
                                <t t-if="showMax">
                                    /
                                    <t t-esc="props.line.get_max_str()"/>
                                    -
                                </t>
                            </em>
                            <span> </span>
                            <t t-esc="props.line.get_unit().name"/>
                        </t>
                    </li>
                </t>
            </ul>
        </li>
    </t>

</templates>
