<?xml version="1.0" encoding="UTF-8"?>
<templates id="template" xml:space="preserve">
    <t t-name="MaterialMonitorScreen" owl="1">
        <div class="material_monitor_screen screen" t-on-activate-edit-mode="activateEditMode">
            <div class="screen-content">
                <div class="controls">
                    <button class="button back" t-on-click="close">
                        <t t-if="!env.isMobile">
                            <i class="fa  fa-angle-double-left"/>
                            Back
                        </t>
                        <t t-else="">
                            <i class="fa fa-undo"/>
                        </t>
                    </button>
                    <t t-if="env.isMobile">
                        <b><t t-esc="LocationName" /></b>
                    </t>
                    <button class="button back" t-on-click="SelectLocation" t-if="env.pos.config.enable_stock_location">
                        <t t-if="!env.isMobile">
                            <i class="fa fa-cubes"/>
                            <t t-esc="LocationName"/>
                        </t>
                        <t t-else="">
                            <i class="fa fa-cubes"/>
                        </t>
                    </button>
                </div>
                <MaterialMonitordetail/>
            </div>
        </div>
    </t>
</templates>