<?xml version="1.0" encoding="UTF-8"?>
<templates id="template" xml:space="preserve">
    <t t-name="MaterialMonitordetail" owl="1">
        <div class="custom-products-widget">
            <div class="material-left">
                <MaterialMonitorControlPanel breadcrumbs="breadcrumbs" subcategories="subcategories"
                                             hasNoCategories="hasNoCategories"/>
            </div>
            <div class="material-right">
                <MaterialList products="materialToDisplay" searchWord="searchWord"/>
            </div>
        </div>
    </t>
</templates>