<?xml version="1.0" encoding="UTF-8"?>
<templates id="template" xml:space="preserve">

    <t t-name="MaterialSummary" owl="1">
        <div class="summary clearfix">
            <div class="line">
                <div class="entry addons">
                    <span class="badge">Addons: </span>
                    <span class="value">
                        <t t-esc="props.addons"/>
                    </span>
                </div>
                <div class="entry price">
                    <span class="badge">Price: </span>
                    <span class="value">
                        <t t-esc="props.price"/>
                    </span>
                </div>
                <div class="entry total">
                    <span class="badge">Total: </span>
                    <span class="value">
                        <t t-esc="props.total"/>
                    </span>
                </div>
            </div>
        </div>
    </t>

</templates>