<?xml version="1.0" encoding="UTF-8" ?>
<templates id="template" xml:space="preserve">

    <t t-name="ReplaceBOMWidgetControlPanel" owl="1">
        <div class="combo-products-widget-control">
            <div class="rightpane-header green-border-bottom">
<!--                <BomCategoryButton/>-->
                <!-- categories -->
                <t t-if="props.categories.length > 0">
                    <t t-foreach="props.categories" t-as="category" t-key="category.id">
                        <BomCategoryButton category="category" selected_id="props.selected_id"
                        />
                    </t>
                </t>
            </div>
        </div>
    </t>

</templates>