<?xml version="1.0" encoding="UTF-8"?>
<templates id="template" xml:space="preserve">
    <t t-name="GiftVoucherScreen" owl="1">
        <div class="gift_card-screen product-screen screen" t-att-class="{ oe_hidden: !props.isShown }">
            <div class="screen-full-width">
                <div class="leftpane" t-if="!env.isMobile || mobile_pane === 'left'">
                    <div class="controls">
                        <button class="button back" t-on-click="back">
                            <t t-if="!env.isMobile">
                                <i class="fa  fa-angle-double-left"/>
                                Back
                            </t>
                            <t t-else="">
                                <i class="fa fa-undo"/>
                            </t>
                        </button>

                        <SearchBar config="searchBarConfig" placeholder="'Search Gift Voucher...'"/>
                    </div>
                    <div class="orders">
                        <div class="header-row">
                            <div class="col start wide">Name</div>
                            <div class="col start wide">Voucher No.</div>
                            <div class="col start">Amount</div>
                        </div>
                        <t t-foreach="filteredGiftVoucherList" t-as="gift_voucher" t-key="gift_voucher.id">
                            <GiftVoucherLine gift_voucher="gift_voucher"
                                             selectedVoucher="state.selectedVoucher"
                                             detailIsShown="state.detailIsShown"
                                             t-on-click-voucher="clickVoucher"/>
                        </t>
                    </div>
                </div>
                <div class="rightpane" t-if="!env.isMobile || mobile_pane === 'right'">
                    <div t-if="highlight">
                        <div t-if="state.selectedVoucher">
                            <table style="width:100%;text-align: initial;">
                                <tr>
                                    <td style="padding-top: 6px; padding-bottom: 12px; padding-left: 10px;"><b>Voucher Name:</b></td>
                                    <td>
                                        <t t-esc="state.selectedVoucher.voucher_name"/>
                                    </td>
                                    <td><b>Code:</b></td>
                                    <td>
                                        <t t-esc="state.selectedVoucher.voucher_code"/>
                                    </td>
                                    <td><b>Voucher Amount:</b></td>
                                    <td>
                                        <t t-esc="state.selectedVoucher.voucher_amount"/>
                                    </td>
                                </tr>
                                <tr>
                                    <td style="padding-top: 6px; padding-bottom: 12px; padding-left: 10px;"><b>Minimum Amount:</b></td>
                                    <td>
                                        <t t-esc="state.selectedVoucher.minimum_purchase"/>
                                    </td>
                                    <td><b>Expiry Date:</b></td>
                                    <td>
                                        <t t-esc="state.selectedVoucher.expiry_date"/>
                                    </td>
                                    <td><b>Redemption Order:</b></td>
                                    <td>
                                        <t t-esc="state.selectedVoucher.redeem_voucher_count"/>
                                    </td>
                                </tr>
                                <tr>
                                    <td style="padding-top: 6px; padding-bottom: 12px; padding-left: 10px;"><b>Redemption Customer:</b></td>
                                    <td>
                                        <t t-esc="state.selectedVoucher.redemption_customer"/>
                                    </td>
                                    <td><b>Voucher Count:</b></td>
                                    <td>
                                        <t t-esc="state.selectedVoucher.redeem_voucher_count"/>
                                    </td>
                                    <td><b>active:</b></td>
                                    <td>
                                        <t t-esc="state.selectedVoucher.is_active"/>
                                    </td>
                                </tr>
                            </table>
                        </div>
                    </div>
                    <div class="orders">
                        <div t-if="highlight">
                            <div t-if="state.selectedVoucher">
                                    <div class="header-row">
                                        <div class="col start">Order</div>
                                        <div class="col start">Order Amount</div>
                                        <div class="col start">Used Amount</div>
                                        <div class="col start">Used Date</div>
                                        <div class="col start">Cashier</div>
                                        <div class="col start">Customer</div>
                                    </div>
                                <div t-if="VoucherHistory">
                                    <t t-foreach="VoucherHistory" t-as="gift_voucher_history"
                                       t-key="gift_voucher_history.id">
                                        <div class="order-row pointer" t-attf-class="client-line {{highlight}}">
                                            <div class="col start">
                                                <t t-esc="gift_voucher_history.order_name"/>
                                            </div>
                                            <div class="col start">
                                                <t t-esc="gift_voucher_history.order_amount"/>
                                            </div>
                                            <div class="col start">
                                                <t t-esc="gift_voucher_history.voucher_amount"/>
                                            </div>
                                            <div class="col start">
                                                <t t-esc="gift_voucher_history.used_date"/>
                                            </div>
                                            <div class="col start">
                                                <t t-esc="gift_voucher_history.create_uid[1]"/>
                                            </div>
                                            <div class="col start">
                                                <t t-esc="gift_voucher_history.customer_id[1]"/>
                                            </div>
                                            
                                        </div>
                                    </t>
                                </div>
                            </div>
                        </div>
                    </div>
                </div>
            </div>
        </div>
    </t>
</templates>