<?xml version="1.0" encoding="UTF-8"?>
<templates id="template" xml:space="preserve">

    <t t-name="PaymentWalletPopup" owl="1">
        <div role="dialog" class="modal-dialog">
            <Draggable>
                <div class="popup">
                    <header class="title drag-handle">
                        <t t-esc="props.title"/>
                    </header>
                    <div class="div">
                        <div class="confirm_card_table">
                            <div class="payment-method-line">
                                <img src="/flexibite_ee_advance/static/src/img/add_to_wallet_big.png"
                                     style="height: 70px;"/>
                            </div>
                            <div class="payment-method-line">
                                <label align="center">Change</label>
                            </div>
                            <t t-if="props.change">
                                <div class="payment-method-line">
                                    <label class="change_add_to_wallet"><t t-esc="props.change"/></label>
                                </div>
                           </t>
                       </div>
                    </div>
                    <footer class="footer">
                        <div class="button confirm" t-on-click="confirm">
                            <t t-esc="props.confirmText"/>
                        </div>
                        <div class="button skip" t-on-click="skip">
                            <t t-esc="props.skipText"/>
                        </div>
                        <div class="button cancel" t-on-click="cancel">
                            <t t-esc="props.cancelText"/>
                        </div>
                    </footer>
                </div>
            </Draggable>
        </div>
    </t>

</templates>
