<?xml version="1.0" encoding="UTF-8"?>
<templates id="template" xml:space="preserve">
    <t t-name="PaymentScreendisabledNumpad" owl="1">
        <div class="numpad disabledpaymentbutton">
            <PSNumpadInputButton value="'1'"/>
            <PSNumpadInputButton value="'2'"/>
            <PSNumpadInputButton value="'3'"/>
            <PSNumpadInputButton value="'+10'" changeClassTo="'mode-button'"/>
            <br/>
            <PSNumpadInputButton value="'4'"/>
            <PSNumpadInputButton value="'5'"/>
            <PSNumpadInputButton value="'6'"/>
            <PSNumpadInputButton value="'+20'" changeClassTo="'mode-button'"/>
            <br/>
            <PSNumpadInputButton value="'7'"/>
            <PSNumpadInputButton value="'8'"/>
            <PSNumpadInputButton value="'9'"/>
            <PSNumpadInputButton value="'+50'" changeClassTo="'mode-button'"/>
            <br/>
            <PSNumpadInputButton value="'-'" text="'+/-'"/>
            <PSNumpadInputButton value="'0'"/>
            <PSNumpadInputButton value="decimalPoint"/>
            <PSNumpadInputButton value="'Backspace'">
                <img src="/point_of_sale/static/src/img/backspace.png" width="24" height="21"
                     alt="Backspace"/>
            </PSNumpadInputButton>
        </div>
    </t>
</templates>
