<?xml version="1.0" encoding="UTF-8"?>
<templates id="template" xml:space="preserve">
    <t t-name="PaymentScreenInh" t-inherit="point_of_sale.PaymentScreen" t-inherit-mode="extension" owl="1">
        <xpath expr="//div[@class='button back']" position="replace">
            <div class="button back" t-on-click="payment_back">
                <i class="fa fa-angle-double-left fa-fw"/>
                <span class="back_text">Back</span>
            </div>
        </xpath>
        <xpath expr="//div[hasclass('paymentmethods-container')]" position="replace">
            <div class="paymentmethods-container">
                <PaymentScreenPaymentLines paymentLines="paymentLines"/>
                <div class="paymentmethods">
                    <t t-foreach="payment_methods_config" t-as="paymentMethod"
                       t-key="paymentMethod.id">
                        <t t-if="!paymentMethod.jr_use_for">
                            <PaymentMethodButton paymentMethod="paymentMethod"/>
                        </t>
                    </t>
                </div>
            </div>
        </xpath>
        <xpath expr="//section[@class='payment-numpad']" position="replace">
            <section class="payment-numpad">
                <t t-if="env.pos.get_order().selected_paymentline and env.pos.get_order().selected_paymentline.payment_method.jr_use_for">
                    <PaymentScreendisabledNumpad/>
                </t>
                <t t-else="">
                    <PaymentScreenNumpad/>
                </t>
            </section>
        </xpath>
        <xpath expr="//div[hasclass('payment-controls')]" position="inside">
            <t t-if="!env.pos.get_order().get_refund_order()">
                <t t-if="env.pos.config.enable_wallet and env.pos.get_order().get_client() and env.pos.get_order().get_due() > 0 and !is_payment_line.lines_type_wallet">
                    <div class="wallet-controls " style="margin-top: 13px;">
                        <div class="button js_use_wallet" t-on-click="createPaymentLine('wallet')">
                            <img src="/flexibite_ee_advance/static/src/img/wallet.png" class="fa fa-file-text-o"/>
                            <div style="margin-left: 15px;">Wallet :
                                <t t-if="env.pos.get_order().get_client()">
                                    <span>
                                        <t t-esc="env.pos.format_currency(state.remaining_wallet_amount)"/>
                                    </span>
                                </t>
                            </div>
                        </div>
                    </div>
                </t>
                <t t-if="env.pos.config.enable_gift_card and env.pos.get_order().get_client() and env.pos.get_order().get_due() > 0 and !is_payment_line.lines_type_giftcard">
                    <div class="giftCard-controls" style="margin-top: 13px;">
                        <div class="button js_gift_card" t-on-click="createPaymentLine('giftCard')">
                            <img src="/flexibite_ee_advance/static/src/img/icons/clipart2943916.png"
                                 class="fa fa-file-text-o"/>Gift Card
                        </div>
                    </div>
                </t>
                <t t-if="env.pos.config.enable_gift_voucher and env.pos.get_order().get_due() > 0 and !is_payment_line.lines_type_voucher">
                    <div class="giftCard-controls" style="margin-top: 13px;">
                        <div class="button js_gift_voucher" t-on-click="createPaymentLine('giftVoucher')">
                            <img src="/flexibite_ee_advance/static/src/img/icons/gift_voucher.png"
                                 class="fa fa-file-text-o"/>Gift Voucher
                        </div>
                    </div>
                </t>
            </t>
        </xpath>
    </t>

</templates>