<?xml version="1.0" encoding="UTF-8"?>
<templates id="template" xml:space="preserve">

    <t t-name="CloseCashControlScreen" owl="1">
        <div class="ticket-screen screen">
            <div class="screen-content">
                <div class="controls">
                    <div class="buttons">
                        <button class="discard" t-on-click="trigger('close-closing-cash-control')">Close</button>
                    </div>
                    <div class='cash-control-header'>
                        Closing Cash Control
                    </div>
                </div>
                <div class="orders scroll_property">
                    <div class="header-row">
                        <div class="col center">Coins/Bills</div>
                        <div class="col center">Coins/Bills Value</div>
                        <div class="col center"></div>
                        <div class="col center">Subtotal</div>
                        <div class="col start"></div>
                    </div>
                    <t t-if="state.showCloseStaticLines">
                        <t t-foreach="state.staticDataCloseScreen" t-as="data">
                            <StaticInputLines line="data"/>
                        </t>
                    </t>
                    <t t-if="!state.showCloseStaticLines">
                        <t t-foreach="state.closeInputLines" t-as="line">
                             <CloseCashControlScreenInput line="line"/>
                        </t>
                    </t>
                    <t t-if="env.pos.user.display_amount_during_close_session">
                        <div>
                            <table class="close_session_details">
                                <tr align="right">
                                    <td width="30%"><label>Opening Balance: </label></td>
                                    <td width="20%"><span><t t-esc="env.pos.format_currency(props.sessionData[0].cash_register_balance_start)"/></span></td>
                                    <td width="30%"><label>Real Closing Balance: </label></td>
                                    <td width="20%"><span><t t-esc="env.pos.format_currency(props.sessionData[0].cash_register_balance_end_real)"/></span></td>
                                </tr>
                                <tr align="right">
                                    <td width="30%"><label>+ Transactions: </label></td>
                                    <td width="20%"><span><t t-esc="env.pos.format_currency(props.sessionData[0].cash_register_total_entry_encoding)"/></span></td>
                                    <td></td>
                                    <td></td>
                                </tr>
                                <tr align="right">
                                    <td width="30%"><label>= Theoretical Closing Balance: </label></td>
                                    <td width="20%"><span><t t-esc="env.pos.format_currency(props.sessionData[0].cash_register_balance_end)"/></span></td>
                                    <td></td>
                                    <td></td>
                                </tr>
                                <tr class="border_line" align="right">
                                    <td></td>
                                    <td></td>
                                    <td width="30%"><label>Difference: </label></td>
                                    <td width="20%"><span><t t-esc="env.pos.format_currency(state.closingDifference)"/></span></td>
                                </tr>
                            </table>
                        </div>
                    </t>
                </div>
                <div class="open_balance_add">
                    <div class="add_closing_input">
                        <button id="add_open_balance" t-on-click="createNewCloseInputLine">Add New Item</button>
                    </div>
                    <div class="close_subtotal">
                        <h3 class="h3_design">Subtotal :<t t-esc="env.pos.format_currency(state.closeTotal)"/></h3>
                    </div>
                    <div class="close_session_button">
                        <button t-on-click="onClickCloseSession" id="validate_open_balance">Close Session</button>
                    </div>
                </div>
            </div>
        </div>
    </t>

</templates>
