<?xml version="1.0" encoding="UTF-8"?>
<templates id="template" xml:space="preserve">
    <t t-name="OrderReturnProductList" owl="1">
        <article class="product" tabindex="0"
                 t-att-data-product_by_id="props.line.product_id"
                 t-attf-aria-labelledby="article_product_{{env.pos.db.get_product_by_id(props.line.product_id)}}">
            <div class="product-img">
                <img t-att-src="imageUrl" t-att-alt="env.pos.db.get_product_by_id(props.line.product_id).display_name"/>
                <span class="price-tag">
                    <t t-esc="env.pos.format_currency(props.line.price_unit)"/>
                </span>
            </div>
            <div class="product-name"
                 t-attf-id="article_product_{{env.pos.db.get_product_by_id(props.line.product_id)}}">
                <t t-esc="env.pos.db.get_product_by_id(props.line.product_id).display_name"/>
                <br/>
                <div style="height: 31px;margin-top: 4px; margin-bottom: 1px;font-size: 16px;">
                    <span t-on-click="removeQty" t-att-disabled="props.ReturnProduct"><i class="fa fa-minus-circle"/></span>
                    <input type="text" t-model="props.line.return_qty" t-ref="ProductQty" id="ProductQty"
                           name="ProductQty" t-att-disabled="props.ReturnProduct"
                           style="width: 50%;font-size: 18px;margin-left: 9px;margin-right: 9px;padding: 0px;min-height: 0px;text-align: center;"
                           t-on-keydown="QuantityValidation"/>
                    <span t-on-click="addQty" t-att-disabled="props.ReturnProduct"><i class="fa fa-plus-circle"/></span>
                    
                </div>
            </div>
        </article>
    </t>
</templates>