<?xml version="1.0" encoding="UTF-8"?>
<templates id="template" xml:space="preserve">
    <t t-name="Slider" owl="1">
        <div t-if="env.pos.ad_data.length != 0" class="slider" t-attf-style="width: {{width}}px">
            <SliderContent translate="state.translate" transition="state.transition" width="totalWidth"/>
            <Arrow t-if="state.activeIndex != 0" direction="'left'" t-on-click="prevSlide"/>
            <Arrow t-if="state.activeIndex != (slides.length - 1)" direction="'right'" t-on-click="nextSlide"/>
        </div>
        <div t-else="" class="slider" t-attf-style="width: {{width}}px">
            <img src="/flexibite_ee_advance/static/src/img/no-ads-icon.png"/>
        </div>
    </t>
</templates>
