<?xml version="1.0" encoding="UTF-8"?>
<templates id="template" xml:space="preserve">
    <t t-name="CustomerOrderline" owl="1">
        <li class="orderline">
            <span class="product-name">
                <t t-esc="props.line.full_product_name"/>
                <span> </span>
            </span>
            <span class="price">
                <t t-esc="env.pos.format_currency(props.line.price_subtotal_incl)"/>
            </span>
            <ul class="info-list">
                <li class="info">
                    <em>
                        <t t-esc="props.line.qty"/>
                    </em>
                    <span> </span>
                    <t t-esc="props.line.unit_id[1]"/>
                    at
                    <t t-esc="env.pos.format_currency(props.line.price_unit,'Product Price')"/>
                    /
                    <t t-esc="props.line.unit_id[1]"/>
                </li>
                <t t-if="props.line.discount != 0">
                    <li class="info">
                        With a
                        <em>
                            <t t-esc="props.line.discount"/>%
                        </em>
                        discount
                    </li>
                </t>
            </ul>
        </li>
    </t>
</templates>
