<?xml version="1.0" encoding="UTF-8"?>
<templates id="template" xml:space="preserve">
    <t t-name="LeftWidget" owl="1">
        <div class="order-container" t-ref="scrollable">
            <div class="order">
                <t t-if="props.orderLines.length == 0">
                    <div class='order-empty'>
                        <i class='fa fa-shopping-cart' role="img" aria-label="Shopping cart"
                           title="Shopping cart"/>
                        <h1>Cart is empty</h1>
                    </div>
                </t>
                <t t-else="">
                    <ul class="orderlines">
                        <t t-foreach="props.orderLines" t-as="orderline">
                            <CustomerOrderline line="orderline"/>
                        </t>
                        <div class="summary clearfix">
                            <div class="line">
                                <div class="entry total">
                                    <span class="badge">Total: </span>
                                    <span class="value">
                                        <t t-esc="env.pos.format_currency(props.total)"/>
                                    </span>
                                    <div class="subentry">
                                        Taxes:
                                        <span class="value">
                                            <t t-esc="env.pos.format_currency(props.tax)"/>
                                        </span>
                                    </div>
                                </div>
                            </div>
                        </div>
                    </ul>
                </t>
            </div>
        </div>
    </t>
</templates>
