<?xml version="1.0" encoding="UTF-8"?>
<templates id="template" xml:space="preserve">
    <t t-name="PaymentDetail" owl="1">
        <div class="payment-info">
            <table class="table">
                <tr>
                    <td style="width: 20%">
                        <strong>Change:</strong>
                    </td>
                    <td>
                        <t t-if="props.changeAmount">
                            <t t-esc="env.pos.format_currency(props.changeAmount)"/>
                        </t>
                        <t t-if="!props.changeAmount">
                            <t t-esc="env.pos.format_currency(0)"/>
                        </t>
                    </td>
                    <td style="width: 20%">
                        <strong>Total:</strong>
                    </td>
                    <td>
                        <t t-if="props.orderAmount">
                            <t t-esc="env.pos.format_currency(props.orderAmount)"/>
                        </t>
                        <t t-if="!props.orderAmount">
                            <t t-esc="env.pos.format_currency(0)"/>
                        </t>
                    </td>
                </tr>
            </table>
        </div>
    </t>
</templates>
