<?xml version="1.0" encoding="UTF-8"?>
<templates id="template" xml:space="preserve">
    <t t-name="PaymentLines" owl="1">
        <div class="payment-line">
            <t t-if="props.paymentLines and props.paymentLines[0]">
	            <table class="table">
	                <t t-foreach="props.paymentLines" t-as="line">
	                    <tr>
	                        <td>
	                            <t t-esc="line.name"/>
	                        </td>
                            <td>
	                            <t t-esc="env.pos.format_currency(line.amount)"/>
	                        </td>
	                    </tr>
	                </t>
	            </table>
            </t>
        </div>
    </t>
</templates>
