<?xml version="1.0" encoding="UTF-8"?>
<templates id="template" xml:space="preserve">

    <t t-name="DeliveryServicePopup" owl="1">
        <div role="dialog" class="modal-dialog">
            <Draggable>
                <div class="popup">
                    <header class="title drag-handle">
                        <t t-esc="props.title"/>
                    </header>
                    <div class="div">
                        <div class='service-popup-container'>
                            <t t-foreach="props.services" t-as="delivery_service" t-key="delivery_service.id">
                                <DeliveryServiceLinePopup
                                        service="delivery_service"
                                        selected_service="state.SelectedService"
                                        t-on-click-service="ClickService"/>
                            </t>
                        </div>
                    </div>
                    <footer class="footer">
                        <div class="button confirm" t-on-click="confirm">
                            <t t-esc="props.confirmText"/>
                        </div>
                        <div class="button cancel" t-on-click="cancel">
                            <t t-esc="props.cancelText"/>
                        </div>
                    </footer>
                </div>
            </Draggable>
        </div>
    </t>

</templates>
