<?xml version="1.0" encoding="UTF-8"?>
<templates id="template" xml:space="preserve">

    <t t-name="ComboInfoPopup" owl="1">
        <div role="dialog" class="modal-dialog">
            <Draggable>
                <div class="popup popup-combo-info">
                    <header class="title drag-handle">
                        Combo Info<br/>
                        <span class="name">
                            <t t-esc="props.title"/>
                        </span>
                    </header>
                    <div class="info scrollable-y">
                        <ul>
                            <t t-foreach="props.list" t-as="item" t-key="item.id">
                                <li class="info-item">
                                    <span style="width: 90%; display: inline-block;">
                                        <em>
                                            <t t-esc="item.get_quantity_str()"/>
                                        </em>
                                        -
                                        <t t-if="item.is_replaced == true">
                                            <span class="product-name">
                                                <span style="text-decoration: line-through;"><t t-esc="item.get_product().display_name"/></span>
                                                <span> </span>
                                                <span style="color:#673ab7"><t t-esc="item.get_replaced_product_name()"/></span>
                                            </span>
                                        </t>
                                        <t t-else="">
                                            <t t-if="item.get_quantity() == 0">
                                                <span class="product-name">
                                                    <span style="text-decoration: line-through;"><t t-esc="item.get_product().display_name"/></span>
                                                </span>
                                            </t>
                                            <t t-else="">
                                                <span class="product-name">
                                                    <t t-esc="item.get_product().display_name"/>
                                                </span>
                                            </t>
                                        </t>
                                        <span t-if="item.get_extraPrice() != 0" class="price_extra">
                                            + <t t-esc="env.pos.format_currency(item.get_display_price())"/>
                                        </span>
                                    </span>
                                    <span t-if="item.materiallines.length != 0" class="material_info">
                                        <button class="material-info"
                                                t-on-click.stop="trigger('click-material-info',{materiallines: item.materiallines, name: item.product.display_name})">
                                            <i class="fa fa-info" aria-hidden="true"/>
                                        </button>
                                    </span>

                                </li>
                            </t>
                        </ul>
                    </div>
                    <footer class="footer">
                        <div class="button cancel" t-on-click="cancel">
                            Close
                        </div>
                    </footer>
                </div>
            </Draggable>
        </div>
    </t>

</templates>
