<?xml version="1.0" encoding="UTF-8"?>
<templates id="template" xml:space="preserve">

    <t t-name="SplitCombolinePopup" owl="1">
        <div role="dialog" class="modal-dialog">
            <Draggable>
                <div class="popup popup-number" t-att-class="{ 'popup-password': props.isPassword }">
                    <header class="title drag-handle">
                        Split - <t t-esc="props.title"/>
                    </header>
                    <div class="popup-input value active">
                        <t t-esc="inputBuffer"/>
                    </div>
                    <div class="popup-numpad">
                        <button class="input-button number-char" t-on-mousedown.prevent="sendInput('1')">1</button>
                        <button class="input-button number-char" t-on-mousedown.prevent="sendInput('2')">2</button>
                        <button class="input-button number-char" t-on-mousedown.prevent="sendInput('3')">3</button>
                        <t t-if="props.cheap">
                            <button class="mode-button add" t-on-mousedown.prevent="sendInput('+1')">+1</button>
                        </t>
                        <t t-if="!props.cheap">
                            <button class="mode-button add" t-on-mousedown.prevent="sendInput('+10')">+10</button>
                        </t>
                        <br/>
                        <button class="input-button number-char" t-on-mousedown.prevent="sendInput('4')">4</button>
                        <button class="input-button number-char" t-on-mousedown.prevent="sendInput('5')">5</button>
                        <button class="input-button number-char" t-on-mousedown.prevent="sendInput('6')">6</button>
                        <t t-if="props.cheap">
                            <button class="mode-button add" t-on-mousedown.prevent="sendInput('+2')">+2</button>
                        </t>
                        <t t-if="!props.cheap">
                            <button class="mode-button add" t-on-mousedown.prevent="sendInput('+20')">+20</button>
                        </t>
                        <br/>
                        <button class="input-button number-char" t-on-mousedown.prevent="sendInput('7')">7</button>
                        <button class="input-button number-char" t-on-mousedown.prevent="sendInput('8')">8</button>
                        <button class="input-button number-char" t-on-mousedown.prevent="sendInput('9')">9</button>
                        <t t-if="props.cheap">
                            <button class="mode-button add" t-on-mousedown.prevent="sendInput('+5')">+3</button>
                        </t>
                        <t t-if="!props.cheap">
                            <button class="mode-button add" t-on-mousedown.prevent="sendInput('+50')">+30</button>
                        </t>
                        <br/>
                        <button class="input-button numpad-char" t-on-mousedown.prevent="sendInput('Delete')">C</button>
                        <button class="input-button number-char" t-on-mousedown.prevent="sendInput('0')">0</button>
                        <button class="input-button numpad-backspace" t-on-mousedown.prevent="sendInput('Backspace')">
                            <img style="pointer-events: none;"
                                 src="/point_of_sale/static/src/img/backspace.png" width="24"
                                 height="21" alt="Backspace"/>
                        </button>
                        <t t-if="props.cheap">
                            <button class="mode-button add" t-on-mousedown.prevent="sendInput('+5')">+5</button>
                        </t>
                        <t t-if="!props.cheap">
                            <button class="mode-button add" t-on-mousedown.prevent="sendInput('+50')">+50</button>
                        </t>
                        <br/>
                    </div>
                    <footer class="footer">
                        <t t-if="props.mode != simple">
                            <div class="button confirm" t-on-mousedown.prevent="confirm">
                                Confirm
                            </div>
                        </t>
                        <t t-else="">
                            <div class="button default" t-on-mousedown.prevent="defaultCopy" style="width:85px;">
                                Default
                            </div>
                            <div class="button confirm" t-on-mousedown.prevent="confirm" style="width:85px;">
                                Copy
                            </div>
                        </t>
                        <div class="button cancel" t-on-mousedown.prevent="cancel" style="width:85px;">
                            Cancel
                        </div>

                    </footer>
                </div>
            </Draggable>

        </div>
    </t>

</templates>
