<?xml version="1.0" encoding="UTF-8"?>
<templates id="template" xml:space="preserve">
    <t t-name="OrderReceipt" t-inherit="point_of_sale.OrderReceipt" t-inherit-mode="extension" owl="1">
        <xpath expr="//div[hasclass('orderlines')]" position="replace">
            <div class="orderlines">
                <t t-foreach="receipt.orderlines" t-as="line" t-key="line.id">
                    <t t-if="isSimple(line)">
                        <div>
                            <t t-esc="line.product_name_wrapped[0]"/>
                            <span t-esc="env.pos.format_currency_no_symbol(line.price_display)"
                                  class="price_display pos-receipt-right-align"/>
                        </div>
                        <WrappedProductNameLines line="line"/>
                        <div style="font-size: 75%;">
                            <t t-foreach="line.materiallines" t-as="materialline">
                                <t t-if="materialline.is_changed and !materialline.is_replaced and materialline.bom">
                                    <div>
                                        <span style="font-weight: bold;">CHANGE: </span>
                                        <t t-esc="Math.round(materialline.quantity * Math.pow(10, env.pos.dp['Product Unit of Measure'])) / Math.pow(10, env.pos.dp['Product Unit of Measure'])"/>
                                        <t t-if="materialline.quantity != materialline.max">
                                            / <t
                                                t-esc="Math.round(materialline.max * Math.pow(10, env.pos.dp['Product Unit of Measure'])) / Math.pow(10, env.pos.dp['Product Unit of Measure'])"/>
                                        </t>
                                        <t t-if="materialline.unit_name !== 'Units'" t-esc="materialline.unit_name"/>
                                        -
                                        <t t-esc="materialline.product_name_wrapped[0]"/>
                                        <span t-if="materialline.price_display != 0"
                                              t-esc="env.pos.format_currency_no_symbol(materialline.price_display)"
                                              class="price_display pos-receipt-custom-align"/>
                                    </div>
                                    <WrappedProductNameLines line="materialline"/>
                                </t>
                                <t t-if="materialline.is_replaced and materialline.bom">
                                    <div>
                                        <span style="font-weight: bold;">REPLACE: </span>
                                        <t t-esc="Math.round(materialline.quantity * Math.pow(10, env.pos.dp['Product Unit of Measure'])) / Math.pow(10, env.pos.dp['Product Unit of Measure'])"/>
                                        <t t-if="materialline.quantity != materialline.max">
                                            / <t
                                                t-esc="Math.round(materialline.max * Math.pow(10, env.pos.dp['Product Unit of Measure'])) / Math.pow(10, env.pos.dp['Product Unit of Measure'])"/>
                                        </t>
                                        <t t-if="materialline.unit_name !== 'Units'" t-esc="materialline.unit_name"/>
                                        -
                                        <t t-esc="materialline.product_name"/>
                                        <span> </span>
                                        <span> with <t t-esc="materialline.product_name_wrapped[0]"/></span>
                                        <span t-if="materialline.price_display != 0"
                                              t-esc="env.pos.format_currency_no_symbol(materialline.price_display)"
                                              class="price_display pos-receipt-custom-align"/>
                                    </div>
                                    <WrappedProductNameLines line="materialline"/>
                                </t>
                                <t t-if="!materialline.is_changed and !materialline.is_replaced and materialline.bom">
                                    <div>
                                        <span style="font-weight: bold;">ADD: </span>
                                        <t t-esc="Math.round(materialline.quantity * Math.pow(10, env.pos.dp['Product Unit of Measure'])) / Math.pow(10, env.pos.dp['Product Unit of Measure'])"/>
                                        <t t-if="materialline.unit_name !== 'Units'" t-esc="materialline.unit_name"/>
                                        -
                                        <t t-esc="materialline.product_name_wrapped[0]"/>
                                        <span t-if="materialline.price_display != 0">
                                              -  <t
                                                t-esc="env.pos.format_currency_no_symbol(materialline.price_display)"
                                                class="price_display pos-receipt-custom-align"/>
                                        </span>
                                    </div>
                                    <WrappedProductNameLines line="materialline"/>
                                </t>
                                <t t-if="!materialline.bom">
                                    <div>
                                        <span style="font-weight: bold;">ADD: </span>
                                        <t t-esc="Math.round(materialline.quantity * Math.pow(10, env.pos.dp['Product Unit of Measure'])) / Math.pow(10, env.pos.dp['Product Unit of Measure'])"/>
                                        <t t-if="materialline.unit_name !== 'Units'" t-esc="materialline.unit_name"/>
                                        -
                                        <t t-esc="materialline.product_name_wrapped[0]"/>
                                        <span t-if="materialline.price_display != 0">
                                              -  <t
                                                t-esc="env.pos.format_currency_no_symbol(materialline.price_display)"
                                                class="price_display pos-receipt-custom-align"/>
                                        </span>
                                    </div>
                                    <WrappedProductNameLines line="materialline"/>
                                </t>

                            </t>
                            <t t-foreach="line.combolines" t-as="comboline">
                                <div>
                                    <t t-if="comboline.is_replaced == true">
                                        <span style="font-weight: bold;">REPLACE: </span>
                                        <t t-esc="comboline.product_name"/>
                                        <span> </span>
                                        <span> with <br/>
                                            <t t-esc="comboline.product_name_wrapped[0]"/></span>
                                    </t>
                                    <t t-else="">
                                        <t t-esc="comboline.product_name_wrapped[0]"/>
                                    </t>
                                    <span t-if="comboline.price_display != 0">
                                        -  <t t-esc="env.pos.format_currency_no_symbol(comboline.price_display)"/>
                                    </span> 
                                </div>
                                <WrappedProductNameLines line="comboline"/>
                                <div class="pos-receipt-combo-material">
                                    <t t-foreach="comboline.materiallines" t-as="materialline">
                                        <t t-if="materialline.is_changed and materialline.bom">
                                            <div>
                                                <span style="font-weight: bold;">CHANGE: </span>
                                                <t t-esc="Math.round(materialline.quantity * Math.pow(10, env.pos.dp['Product Unit of Measure'])) / Math.pow(10, env.pos.dp['Product Unit of Measure'])"/>
                                                <t t-if="materialline.quantity != materialline.max">
                                                    / <t
                                                        t-esc="Math.round(materialline.max * Math.pow(10, env.pos.dp['Product Unit of Measure'])) / Math.pow(10, env.pos.dp['Product Unit of Measure'])"/>
                                                </t>
                                                <t t-if="materialline.unit_name !== 'Units'"
                                                   t-esc="materialline.unit_name"/>
                                                -
                                                <t t-esc="materialline.product_name_wrapped[0]"/>
                                                <span t-if="materialline.price_display != 0"
                                                      t-esc="env.pos.format_currency_no_symbol(materialline.price_display)"
                                                      class="price_display pos-receipt-combo-material-price-align"/>
                                            </div>
                                            <WrappedProductNameLines line="materialline"/>
                                        </t>
                                        <t t-if="materialline.is_replaced and materialline.bom">
                                            <div>
                                                <span style="font-weight: bold;">REPLACE: </span>
                                                <t t-esc="Math.round(materialline.quantity * Math.pow(10, env.pos.dp['Product Unit of Measure'])) / Math.pow(10, env.pos.dp['Product Unit of Measure'])"/>
                                                <t t-if="materialline.quantity != materialline.max">
                                                    / <t
                                                        t-esc="Math.round(materialline.max * Math.pow(10, env.pos.dp['Product Unit of Measure'])) / Math.pow(10, env.pos.dp['Product Unit of Measure'])"/>
                                                </t>
                                                <t t-if="materialline.unit_name !== 'Units'"
                                                   t-esc="materialline.unit_name"/>
                                                -
                                                <t t-esc="materialline.product_name"/>
                                                <span> </span>
                                                <span> with <t t-esc="materialline.product_name_wrapped[0]"/></span>
                                                <span t-if="materialline.price_display != 0"
                                                      t-esc="env.pos.format_currency_no_symbol(materialline.price_display)"
                                                      class="price_display pos-receipt-combo-material-price-align"/>
                                            </div>
                                            <WrappedProductNameLines line="materialline"/>
                                        </t>
                                        <t t-if="!materialline.bom">
                                            <div>
                                                <span style="font-weight: bold;">ADD: </span>
                                                <t t-esc="Math.round(materialline.quantity * Math.pow(10, env.pos.dp['Product Unit of Measure'])) / Math.pow(10, env.pos.dp['Product Unit of Measure'])"/>
                                                <t t-if="materialline.unit_name !== 'Units'"
                                                   t-esc="materialline.unit_name"/>
                                                -
                                                <t t-esc="materialline.product_name_wrapped[0]"/>
                                                <span t-if="materialline.price_display != 0">
                                                      -  <t
                                                        t-esc="env.pos.format_currency_no_symbol(materialline.price_display)"
                                                        class="price_display pos-receipt-combo-material-price-align"/>
                                                </span>
                                            </div>
                                            <WrappedProductNameLines line="materialline"/>
                                        </t>
                                    </t>
                                </div>
                            </t>
                        </div>
                    </t>
                    <t t-else="">
                        <div t-esc="line.product_name_wrapped[0]"/>
                        <WrappedProductNameLines line="line"/>
                        <t t-if="line.display_discount_policy == 'without_discount' and line.price != line.price_lst">
                            <div class="pos-receipt-left-padding">
                                <t t-esc="env.pos.format_currency_no_symbol(line.price_lst)"/>
                                ->
                                <t t-esc="env.pos.format_currency_no_symbol(line.price)"/>
                            </div>
                        </t>
                        <t t-elif="line.discount !== 0">
                            <div class="pos-receipt-left-padding">
                                <t t-if="env.pos.config.iface_tax_included === 'total'">
                                    <t t-esc="env.pos.format_currency_no_symbol(line.price_with_tax_before_discount)"/>
                                </t>
                                <t t-else="">
                                    <t t-esc="env.pos.format_currency_no_symbol(line.price)"/>
                                </t>
                            </div>
                        </t>
                        <t t-if="line.discount !== 0">
                            <div class="pos-receipt-left-padding">
                                Discount: <t t-esc="line.discount"/>%
                            </div>
                        </t>
                        <div class="pos-receipt-left-padding">
                            <t t-esc="Math.round(line.quantity * Math.pow(10, env.pos.dp['Product Unit of Measure'])) / Math.pow(10, env.pos.dp['Product Unit of Measure'])"/>
                            <t t-if="line.unit_name !== 'Units'" t-esc="line.unit_name"/>
                            x
                            <t t-esc="env.pos.format_currency_no_symbol(line.price_display_one)"/>
                            <span class="price_display pos-receipt-right-align">
                                <t t-esc="env.pos.format_currency_no_symbol(line.price_display)"/>
                            </span>
                        </div>
                        <div style="font-size: 75%;">
                            <t t-foreach="line.materiallines" t-as="materialline">
                                <t t-if="materialline.is_changed and materialline.bom">
                                    <div>
                                        <span style="font-weight: bold;">CHANGE: </span>
                                        <t t-esc="Math.round(materialline.quantity * Math.pow(10, env.pos.dp['Product Unit of Measure'])) / Math.pow(10, env.pos.dp['Product Unit of Measure'])"/>
                                        <t t-if="materialline.quantity != materialline.max">
                                            / <t
                                                t-esc="Math.round(materialline.max * Math.pow(10, env.pos.dp['Product Unit of Measure'])) / Math.pow(10, env.pos.dp['Product Unit of Measure'])"/>
                                        </t>
                                        <t t-if="materialline.unit_name !== 'Units'" t-esc="materialline.unit_name"/>
                                        -
                                        <t t-esc="materialline.product_name_wrapped[0]"/>
                                        <span t-if="materialline.price_display != 0">
                                              -  <t
                                                t-esc="env.pos.format_currency_no_symbol(materialline.price_display)"
                                                class="price_display pos-receipt-custom-align"/>
                                        </span>
                                    </div>
                                    <WrappedProductNameLines line="materialline"/>
                                </t>
                                <t t-if="materialline.is_replaced and materialline.bom">
                                    <div>
                                        <span style="font-weight: bold;">REPLACE: </span>
                                        <t t-esc="Math.round(materialline.quantity * Math.pow(10, env.pos.dp['Product Unit of Measure'])) / Math.pow(10, env.pos.dp['Product Unit of Measure'])"/>
                                        <t t-if="materialline.quantity != materialline.max">
                                            / <t
                                                t-esc="Math.round(materialline.max * Math.pow(10, env.pos.dp['Product Unit of Measure'])) / Math.pow(10, env.pos.dp['Product Unit of Measure'])"/>
                                        </t>
                                        <t t-if="materialline.unit_name !== 'Units'" t-esc="materialline.unit_name"/>
                                        -
                                        <t t-esc="materialline.product_name"/>
                                        <span> </span>
                                        <span> with <t t-esc="materialline.product_name_wrapped[0]"/></span>
                                        <span t-if="materialline.price_display != 0"
                                              t-esc="env.pos.format_currency_no_symbol(materialline.price_display)"
                                              class="price_display pos-receipt-custom-align"/>
                                    </div>
                                    <WrappedProductNameLines line="materialline"/>
                                </t>
                                <t t-if="!materialline.bom">
                                    <div>
                                        <span style="font-weight: bold;">ADD: </span>
                                        <t t-esc="Math.round(materialline.quantity * Math.pow(10, env.pos.dp['Product Unit of Measure'])) / Math.pow(10, env.pos.dp['Product Unit of Measure'])"/>
                                        <t t-if="materialline.unit_name !== 'Units'" t-esc="materialline.unit_name"/>
                                        -
                                        <t t-esc="materialline.product_name_wrapped[0]"/>
                                        <span t-if="materialline.price_display != 0">
                                              -  <t
                                                t-esc="env.pos.format_currency_no_symbol(materialline.price_display)"
                                                class="price_display pos-receipt-custom-align"/>
                                        </span>

                                    </div>
                                    <WrappedProductNameLines line="materialline"/>
                                </t>

                            </t>
                            <t t-foreach="line.combolines" t-as="comboline">
                                <div>
                                    <t t-if="comboline.is_replaced == true">
                                        <span style="font-weight: bold;">REPLACE: </span>
                                        <t t-esc="comboline.product_name"/>
                                        <span> </span>
                                        <span> with <br/>
                                            <t t-esc="comboline.product_name_wrapped[0]"/></span>
                                    </t>
                                    <t t-else="">
                                        <t t-esc="comboline.product_name_wrapped[0]"/>
                                    </t>
                                    <span t-if="comboline.price_display != 0"
                                          t-esc="env.pos.format_currency_no_symbol(comboline.price_display)"/>
                                </div>
                                <WrappedProductNameLines line="comboline"/>
                                <div class="pos-receipt-combo-material">
                                    <t t-foreach="comboline.materiallines" t-as="materialline">
                                        <t t-if="materialline.is_changed and materialline.bom">
                                            <div>
                                                <span style="font-weight: bold;">CHANGE: </span>
                                                <t t-esc="Math.round(materialline.quantity * Math.pow(10, env.pos.dp['Product Unit of Measure'])) / Math.pow(10, env.pos.dp['Product Unit of Measure'])"/>
                                                <t t-if="materialline.quantity != materialline.max">
                                                    / <t
                                                        t-esc="Math.round(materialline.max * Math.pow(10, env.pos.dp['Product Unit of Measure'])) / Math.pow(10, env.pos.dp['Product Unit of Measure'])"/>
                                                </t>
                                                <t t-if="materialline.unit_name !== 'Units'"
                                                   t-esc="materialline.unit_name"/>
                                                -
                                                <t t-esc="materialline.product_name_wrapped[0]"/>
                                                <span t-if="materialline.price_display != 0"
                                                      t-esc="env.pos.format_currency_no_symbol(materialline.price_display)"
                                                      class="price_display pos-receipt-combo-material-price-align"/>
                                            </div>
                                            <WrappedProductNameLines line="materialline"/>
                                        </t>
                                        <t t-if="materialline.is_replaced and materialline.bom">
                                            <div>
                                                <span style="font-weight: bold;">REPLACE: </span>
                                                <t t-esc="Math.round(materialline.quantity * Math.pow(10, env.pos.dp['Product Unit of Measure'])) / Math.pow(10, env.pos.dp['Product Unit of Measure'])"/>
                                                <t t-if="materialline.quantity != materialline.max">
                                                    / <t
                                                        t-esc="Math.round(materialline.max * Math.pow(10, env.pos.dp['Product Unit of Measure'])) / Math.pow(10, env.pos.dp['Product Unit of Measure'])"/>
                                                </t>
                                                <t t-if="materialline.unit_name !== 'Units'"
                                                   t-esc="materialline.unit_name"/>
                                                -
                                                <t t-esc="materialline.product_name"/>
                                                <span> </span>
                                                <span> with <t t-esc="materialline.product_name_wrapped[0]"/></span>
                                                <span t-if="materialline.price_display != 0"
                                                      t-esc="env.pos.format_currency_no_symbol(materialline.price_display)"
                                                      class="price_display pos-receipt-combo-material-price-align"/>
                                            </div>
                                            <WrappedProductNameLines line="materialline"/>
                                        </t>
                                        <t t-if="!materialline.bom">
                                            <div>
                                                <span style="font-weight: bold;">ADD: </span>
                                                <t t-esc="Math.round(materialline.quantity * Math.pow(10, env.pos.dp['Product Unit of Measure'])) / Math.pow(10, env.pos.dp['Product Unit of Measure'])"/>
                                                <t t-if="materialline.unit_name !== 'Units'"
                                                   t-esc="materialline.unit_name"/>
                                                -
                                                <t t-esc="materialline.product_name_wrapped[0]"/>
                                                <span t-if="materialline.price_display != 0">
                                                      -  <t
                                                        t-esc="env.pos.format_currency_no_symbol(materialline.price_display)"
                                                        class="price_display pos-receipt-combo-material-price-align"/>
                                                </span>
                                            </div>
                                            <WrappedProductNameLines line="materialline"/>
                                        </t>
                                    </t>
                                </div>
                            </t>
                        </div>
                    </t>
                </t>
            </div>
        </xpath>
        <xpath expr="//div[hasclass('before-footer')]" position="inside">
            <t t-if="props.order.get_client() and props.order.get_change_amount_for_wallet()">
                <div class="pos-receipt">
                    <div>----------------------------------------------------</div>
                    <div class="pos-center-align">Wallet</div>
                    <div>----------------------------------------------------</div>
                    <t t-if="props.order.get_change_amount_for_wallet() &gt; 0 and props.order.get_client()">
                        <div>
                            Credit Amount:
                            <span class="pos-receipt-right-align">
                                <t t-esc="props.order.get_change_amount_for_wallet()"/>
                            </span>
                        </div>
                    </t>
                </div>
            </t>
            <t t-if="props.order.get_delivery_service() and props.order.get_order_type() == 'Delivery'">
                <div class="pos-receipt">
                    <div class="pos-center-align">Delivery Service : <t
                            t-esc="props.order.get_delivery_service().name"/></div>
                </div>
            </t>
        </xpath>
    </t>
</templates>

