<?xml version="1.0" encoding="UTF-8"?>
<templates id="template" xml:space="preserve">

    <t t-name="ReceiptScreen" t-inherit="point_of_sale.ReceiptScreen" t-inherit-mode="extension" owl="1">
        <xpath expr="//div[hasclass('pos-receipt-container')]" position="replace">
            <div class="pos-receipt-container">
                <t t-if="props.check == 'from_money_in_out'">
                    <MoneyInOutReceipt type="props.type" InOutDetail="props.InOutDetail" company="props.company"
                                       session="props.session" date="props.date"/>
                </t>
                <t t-if="props.check == 'from_product_summary'">
                    <ProductSummaryReceipt ProductSummaryData="props.ProductSummaryData"
                                           CategorySummaryData="props.CategorySummaryData"
                                           PaymentSummaryData="props.PaymentSummaryData"
                                           LocationSummaryData="props.LocationSummaryData" pos='props.pos'
                                           values="props.values" receipt="props.receipt" t-ref="ProductSummary-receipt"
                    />
                </t>
                <t t-if="props.check == 'from_order_summary'">
                    <OrderSummaryReceipt OrderReportData="props.OrderReportData"
                                         CategoryReportData="props.CategoryReportData"
                                         PaymentReportData="props.PaymentReportData" receipt="props.receipt"
                                         values="props.values" pos="props.pos" t-ref="OrderSummary-receipt"
                    />
                </t>
                <t t-if="props.check == 'from_payment_summary'">
                    <PaymentSummaryReceipt JournalReportData="props.JournalReportData"
                                           SalesReportData="props.SalesReportData"
                                           TotalSummaryData="props.TotalSummaryData" receipt="props.receipt"
                                           values="props.values" pos="props.pos" t-ref="PaymentSummary-receipt"/>
                </t>
                <t t-if="!props.check">
                    <OrderReceipt order="currentOrder" t-ref="order-receipt"/>
                    <TokenReceipt order="currentOrder"
                                  t-if="env.pos.separate_receipt and env.pos.restaurant_mode == 'quick_service'"
                                  t-ref="order-receipt"/>
                </t>
            </div>
        </xpath>
        <xpath expr="//div[hasclass('next')]" position="replace">
            <t t-if="props.check == 'from_warehouse'">
                <div class="button next" t-att-class="{ highlight: !locked }"
                     t-on-click="clickBack">
                    <i class="fa fa-angle-double-left"/>
                    Back
                </div>
            </t>
            <t t-else="">
                <div class="button next" t-att-class="{ highlight: !locked }"
                     t-on-click="orderDone">
                        New Order <i class="fa fa-angle-double-right"/>
                </div>
            </t>
        </xpath>
    </t>

</templates>
