<?xml version="1.0" encoding="utf-8"?>
<odoo>
    <data noupdate="0">
        <record id="wallet_product" model="product.product">
            <field name="name">Wallet</field>
            <field name="default_code">Wallet</field>
            <field name="sale_ok" eval="True"/>
            <field name="available_in_pos" eval="True"/>
            <field name="list_price">0.0</field>
            <field name="type">service</field>
            <field name="supplier_taxes_id"
                   search="[('type_tax_use', '=', 'purchase'), ('tax_group_id', '=', 'VAT Untaxed')]"/>
            <field name="uom_id" ref="uom.product_uom_unit"/>
        </record>
        <record id="packaging_product" model="product.product">
            <field name="name">Packaging</field>
            <field name="default_code">packaging</field>
            <field name="sale_ok" eval="True"/>
            <field name="is_packaging">True</field>
            <field name="available_in_pos" eval="True"/>
            <field name="list_price">0.0</field>
            <field name="type">product</field>
            <field name="uom_id" ref="uom.product_uom_unit"/>
        </record>
        <record id="aspl_gift_card_product" model="product.product">
            <field name="name">Gift Card</field>
            <field name="available_in_pos">True</field>
            <field name="type">service</field>
            <field name="sale_ok">True</field>
            <field name="available_in_pos">True</field>
            <field name="supplier_taxes_id"
                   search="[('type_tax_use', '=', 'purchase'), ('tax_group_id', '=', 'VAT Untaxed')]"/>
            <field name="uom_id" ref="uom.product_uom_unit"/>
        </record>
        <record id="aspl_gift_card_product_type_gold" model="aspl.gift.card.type">
            <field name="name">Gold</field>
            <field name="code">001</field>
        </record>
        <record id="aspl_gift_card_product_type_silver" model="aspl.gift.card.type">
            <field name="name">Silver</field>
            <field name="code">002</field>
        </record>
        <record id="aspl_gift_card_product_type_platinum" model="aspl.gift.card.type">
            <field name="name">Platinum</field>
            <field name="code">003</field>
        </record>
        <record id="email_template_pos_z_report" model="mail.template">
            <field name="name">Z Report - Send by Email</field>
            <field name="email_from">${(user.email or 'noreply@localhost')|safe}</field>
            <field name="subject">POS Session ${object.name or ''}</field>
            <field name="email_to">${(ctx.get('email_to'))}</field>
            <field name="model_id" ref="model_pos_session"/>
            <field name="auto_delete" eval="True"/>
            <field name="body_html">
                <![CDATA[
                    <div style="font-family: 'Lucica Grande', Ubuntu, Arial, Verdana, sans-serif; font-size: 12px; color: rgb(34, 34, 34); background-color: #FFF; ">
                        <p>Hello There!</p>
                        <p>Please find attachment for z report of session ${object.name or ''}.</p>
                    </div>
                ]]>
            </field>
        </record>
    </data>
</odoo>