<?xml version="1.0" encoding="UTF-8"?>
<templates id="template" xml:space="preserve">
    <t t-name="MiddelCustomControlButton" owl="1">
    	<div class="middle-component">
    		<div class="middle-component-buttons">
		        <!-- // if Wallet is enable -->
                <button id="Wallet" class="custom-control-button"
                        t-if="env.pos.config.enable_wallet and env.pos.get_order().get_client()"
                        t-on-click="trigger('add_wallet_amount')">
		            <img src="/flexibite_ee_advance/static/src/img/wallet.png" title="Wallet"/>
		        </button>

                <!-- // if Gift Card is enable -->
                <button id="GiftCard" class="custom-control-button" t-if="env.pos.config.enable_gift_card"
                        t-on-click="trigger('open-gift-card-screen')">
		            <img src="/flexibite_ee_advance/static/src/img/icons/clipart2943916.png" title="Gift Card"/>
		        </button>

                <!-- // if Gift Voucher is enable -->
                <button id="GiftVoucher" class="custom-control-button" t-if="env.pos.config.enable_gift_voucher"
                        t-on-click="trigger('open-gift-voucher-screen')">
		            <img src="/flexibite_ee_advance/static/src/img/icons/gift_voucher.png" title="Gift Voucher"/>
		        </button>
                <!-- // if Internal Stock Transfer is enable -->
                <button id="MoneyIn" class="custom-control-button" t-if="env.pos.config.money_in_out"
                        t-on-click="trigger('create-money-in-out', {type: 'money_in', title:'Money In/Out'})">
		            <img src="/flexibite_ee_advance/static/src/img/icons/put_money.png" title="Money In/Out"/>
		        </button>
                <!-- // if Bag Charges is enable -->
                <button id="BagCharges" class="custom-control-button" t-if="env.pos.config.enable_bag_charges"
                        t-on-click="trigger('apply-bag-charges')"
                        t-att-class="{ highlight: state.is_packaging_filter }">
		            <img src="/flexibite_ee_advance/static/src/img/icons/bags.png" title="Bag Charges"/>
		        </button>
                <!-- // if Order Return is enable-->
                <button id="OrderReturn" class="custom-control-button" t-if="env.pos.config.enable_pos_return"
                        t-on-click="trigger('show-order-return-screen')">
		            <i class="fa fa-share-square-o" title="Order Return"/>
		        </button>
                <!-- // if Material Monitor-->
                <button id="MaterialMonitor" class="custom-control-button" t-if="env.pos.config.enable_material_monitor"
                        t-on-click="trigger('show-material-monitor')">
                        <i class="fa fa-cubes" title="Material Monitor"/>
                </button>
		    </div>
    	</div>
	</t>
</templates>

