<?xml version="1.0" encoding="UTF-8"?>
<templates id="template" xml:space="preserve">
    <t t-name="ProductsWidgetControlPanel" t-inherit="point_of_sale.ProductsWidgetControlPanel"
       t-inherit-mode="extension" owl="1">
        <xpath expr="//div[hasclass('rightpane-header')]" position="replace">

            <div class="rightpane-header" t-if="!env.pos.config.enable_vertical_category" t-att-class="{
                'green-border-bottom': !env.pos.config.iface_display_categ_images,
                'grey-border-bottom': env.pos.config.iface_display_categ_images, }">
                <!-- Breadcrumbs -->
                <div class="breadcrumbs">
                    <HomeCategoryBreadcrumb subcategories="props.subcategories"
                                            currentCat="props.breadcrumbs[props.breadcrumbs.length - 1]"/>
                    <t t-if="!env.isMobile">
                        <t t-foreach="props.breadcrumbs" t-as="category" t-key="category.id">
                            <CategoryBreadcrumb category="category"/>
                        </t>
                    </t>
                </div>
                <!-- Subcategories -->
                <t t-if="props.subcategories.length > 0 and !env.pos.config.iface_display_categ_images and !env.isMobile">
                    <t t-foreach="props.subcategories" t-as="category" t-key="category.id">
                        <CategorySimpleButton category="category"/>
                    </t>
                </t>
            </div>
	            
	        
        </xpath>
        <xpath expr="//div[hasclass('categories')]" position="replace">
        	<div class="categories" t-if="!env.pos.config.enable_vertical_category">
                <div class="category-list-scroller">
                    <div class="category-list">
                        <t t-foreach="props.subcategories" t-as="category" t-key="category.id">
                            <CategoryButton category="category"/>
                        </t>
                    </div>
                </div>
            </div>
        </xpath>
        
    </t>
</templates>
